ALERT_ACCOUNT_DOES_NOT_HAVE_ENOUGH_FUNDS,"На вашому рахунку недостатньо коштів.",,,,"Your account has insufficient funds."
ALERT_MOSAIC_IS_NOT_TRANSFERABLE,"Обрана мозаїка не підлягає передачі.",,,,"The selected mosaic is not transferable."
ALERT_ONLY_MOBILE_DEVICE,"Даний функціонал доступний тільки для мобільних пристроїв.",,,,"This functionality is only available in mobile devices."
ALERT_PHONE_DISCONNECTED,"Ваш телефон не підключений до інтернету.",,,,"Your phone is not connected to the internet."
ALERT_SUBTITLE_PHONE_DISCONNECTED,"Відкрийте додаток знову, коли під'єднаєтесь до інтернету.",,,,"Open the app again once you have an internet connection."
ALERT_WALLET_IS_NOT_VALID_FOR_THIS_NETWORK,"Адреса недійсна для цієї мережі.",,,,"The address is not valid for this network."
ENTER_ALL_FIELDS,"Будь ласка, заповніть усі поля",,,,"Please fill all the fields"
INVALID_PASSPHRASE,"Невірна фраза-пароль",,,,"Invalid Passphrase"
NOT_ENOUGH_HIT,"Ваш гаманець має недостатньо DHP, щоб завершити транзакцію.",,,,"Your wallet does not have enough DHP to complete this transaction."
GENDER,Стать,,,,Gender
LOAD_MORE_TRANSACTION,"Завантажте більше транзакцій",,,,"Load more transactions"
LANGUAGES.en,Англійська,,,,English
LANGUAGES.de,Німецька,,,,German
LANGUAGES.fr,Французька,,,,French
LANGUAGES.ja,Японська,,,,Japanese
LANGUAGES.vi,В'єтнамська,,,,Vietnamese
LANGUAGES.zh,Китайська,,,,Chinese
LANGUAGES.es,Іспанська,,,,Spanish
LANGUAGES_ONLY_SHOW_QUERY,Англійська,,,,English
JANUARY,Січень,,,,January
FEBRUARY,Лютий,,,,February
MARCH,Березень,,,,March
APRIL,Квітень,,,,April
MAY,Травень,,,,May
JUNE,Червень,,,,June
JULY,Липень,,,,July
AUGUST,Серпень,,,,August
SEPTEMBER,Вересень,,,,September
OCTOBER,Жовтень,,,,October
NOVEMBER,Листопад,,,,November
DECEMBER,Грудень,,,,December
SMOKER_STATUS_NON_SMOKER,Некурець,,,,Non-smoker
SMOKER_STATUS_OCCASIONAL,Нерегулярно,,,,Occasional
SMOKER_STATUS_REGULAR,Регулярно,,,,Regular
SMOKER_STATUS_HEAVY,Часто,,,,Heavy
PHYSICAL_ACTIVITY_LOW,Низька,,,,Low
PHYSICAL_ACTIVITY_OCCSIONAL_LIGHT,Легка,,,,"Occasional Light"
PHYSICAL_ACTIVITY_REGULAR,Регулярна,,,,Regular
PHYSICAL_ACTIVITY_HIGHT,Висока,,,,High
cancel,Закрити,,,,Cancel
errormessage_error_occured,"Сталася помилка",,,,"An error has occurred"
errormessage_server_error_occured,"Сталась помилка на сервері",,,,"Server error occurred"
progress_dialog_wait_message,"Будь ласка, зачекайте...",,,,"Please wait…"
welcome,"Ласкаво просимо до",,,,"Welcome to"
welcome_content," ",,,," "
recover_existing_wallet,"Відновити існуючий гаманець",,,,"Recover Existing Wallet"
create_new_wallet,"Створити новий гаманець",,,,"Create New Wallet"
recover_description,"Будь ласка, введіть резервну фразу для відновлення вашого гаманця.",,,,"Please enter your backup phrase to recover your wallet."
backup_phrase_hint,"Будь ласка, введіть вашу резервну фразу",,,,"Please enter your backup phrase"
backup_phrase_popup_title,"Ви скопіювали та зберегли резервну фразу?",,,,"Have you copied and saved the backup phrase?"
backup_phrase_popup_message,"Якщо ні, поверніться на попередній екран та скопіюйте його. Ви не зможете відновити свій гаманець без нього.",,,,"If not, please return to the previous screen and copy it. You will not be able to recover your wallet without it."
backup_phrase_popup_positive_button,Так,,,,Yes
backup_phrase_popup_negative_button,"Ні, повернутись назад",,,,"No, go back"
recover_wallet,"Відновити гаманець",,,,"Recover Wallet"
recover_wallet_success,"Гаманець успішно відновлено!",,,,"Wallet recovered successfully!"
pin_description,"Користуватись додатком без PIN-коду. ПОПЕРЕДЖЕННЯ. Усі, хто має доступ до вашого телефону, зможуть отримати доступ до цієї програми та вашого DHP гаманця!",,,,"Use the app without a PIN. WARNING: Anyone with access to your phone will be able to access this app and your DHP Wallet!"
set_pin_title,"Встановити PIN-код для додатку",,,,"Set your App PIN "
step_1_2,"1 / 2",,,,"1 / 2 "
step_2_2,"2 / 2",,,,"2 / 2 "
set_app_pin_first_description_first,"Спочатку нам потрібно налаштувати кілька речей.",,,,"First we need to set up a few things. "
set_app_pin_first_description_second,"Почнемо з встановлення вашого PIN-коду.",,,,"Let's start with setting your PIN."
enter_pin_again,"Знову введіть PIN-код",,,,"Enter PIN Again"
enter_pin_here,"Введіть тут PIN-код",,,,"Enter PIN here"
enter_pin_here_again,"Тут ще раз введіть PIN-код",,,,"Enter PIN here again"
pin_does_not_match,"PIN-код не співпадає. Повторіть спробу або поверніться, щоб встановити інший PIN-код.",,,,"PIN does not match. Try again or go back to set a different PIN."
create_wallet_step_1_3,"1 / 3",,,,"1 / 3 "
create_wallet_step_2_3,"2 / 3",,,,"2 / 3 "
create_wallet_step_3_3,"3 / 3",,,,"3 / 3 "
creating_back_up_phrase,"Створення резервної фрази",,,,"Creating your backup phrase "
backup_detail,"Щоб захистити ваш обліковий запис, ми створимо довгу фразу-пароль.",,,,"To secure your account, we will generate a long passphrase."
creating_randomness,"Випадкове генерування...",,,,"Generating randomness... "
tap_to_copy,"Торкніться, щоб скопіювати!",,,,"Tap to copy! "
remind_save_backup_phrase,"Будь ласка, збережіть його в безпечному місці. Якщо ви перевстановите додаток, вам знадобиться пароль, щоб відновити гаманець",,,,"Please save it in a secure location. You will need the passphrase to recover your wallet if you reinstall the app "
created_wallet_description,"Ваш гаманець створено.",,,,"Your wallet has been created."
purpose_of_address,"Він використовується для ідентифікації вашого гаманця. Отримані токени DHP будуть надіслані на цю адресу.",,,,"It is used to identify your wallet. DHP tokens you receive will be sent to this address."
view_wallet_address_later,"Ви можете переглянути свою адресу у гаманці пізніше.",,,,"You can view your address later in your wallet."
mnemonic_title,"Мнемонічне підтвердження",,,,"Mnemonic Confirmation "
backup_phrase_mnemonic_description,"Резервна фраза:",,,,"Backup phrase: "
select_all_words_mnemonic_anounce,"Будь ласка, виберіть усі слова",,,,"Please select all words. "
words_select_mnemonic,"Будь ласка, підтвердьте свою резервну фразу, вибравши усі слова в правильному порядку.",,,,"Please confirm your backup phrase by selecting words in the correct order "
verify_phone_number_title,"Підтвердьте номер телефону",,,,"Verify Phone Number "
country_description,Країна,,,,"Country "
phone_number_description,"Номер телефону",,,,"Phone Number "
get_access_code_btn,"Отримати код доступу",,,,"Get Access Code"
health_data_title,"Дані про здоров'я",,,,"Health Data"
location_description,Розташування,,,,Location
physics_description,Основні,,,,Basic
health_description,Здоров'я,,,,Health
health_conditions_description,"Стан здоров'я",,,,"Health Conditions"
location_explain,"Ця інформація потрібна для надання відповідних досліджень та пропозицій. Інформація ніколи не передаватиметься.",,,,"This information is needed to provide you with relevant studies and offers. The information is never shared or transmitted."
physics_explain,"Ця інформація потрібна для надання відповідних досліджень та пропозицій. Інформація ніколи не передаватиметься.",,,,"This information is needed to provide you with relevant studies and offers. The information is never shared or transmitted."
health_explain,"Ця інформація потрібна для надання відповідних досліджень та пропозицій. Інформація ніколи не передаватиметься.",,,,"This information is needed to provide you with relevant studies and offers. The information is never shared or transmitted."
store_only_on_device,"ДАНІ ЗБЕРІГАЮТЬСЯ ТІЛЬКИ НА ПРИСТРОЇ. Ці дані нікуди не передаються!",,,,"DATA STORED ON DEVICE ONLY. This data is not shared or transmitted!"
gender_question,"Яка ваша стать?",,,,"What's your gender?"
invalid_weight,"Невірна вага!",,,,"Invalid weight!"
invalid_height,"Невірний ріст!",,,,"Invalid height!"
next_page_btn,"Наступна сторінка",,,,"Next Page"
profile_btn,Профіль,,,,Profile
done_btn,Готово,,,,Done
transactions_description,Транзакції,,,,"Transactions "
invite_friend_sub_description_1,"Оформити для ",,,,"Get up to "
invite_friend_sub_description_2,"DHP для кожного контакту, який приєднається! ",,,,"DHP for every contact who joins! "
new_available_queries,"доступні нові: ",,,,"new available: "
you_have_no_queries_yet,"У вас ще немає прийнятих запитів ",,,,"You have no accepted queries yet "
do_some_fancy_questionnaire,"Тут будуть перераховані запити, якщо ви берете в них участь ",,,,"Queries will be listed here when you participate in them "
title_show_all,"Показати всі ",,,,"Show all "
your_inbox_is_empty,"У папці ""Вхідні"" немає елементів. ",,,,"No items in inbox. "
please_check_back_later,"Тут будуть вказані вхідні запити. ",,,,"Incoming queries will be listed here. "
information_query_detail_description,"Інформація ",,,,"Information "
time_need,"Необхідний час: ",,,,"Time needed: "
available_until,"Доступно до ",,,,"Available until: "
app_profile_setting,"Налаштування ",,,,"Settings "
enter_your_pin_pin_page,"Введіть ваш PIN-код ",,,,"Enter your PIN "
enter_your_back_up_phrase,"Введіть вашу резервну фразу: ",,,,"Enter Backup Phrase: "
my_wallet_is_long_hex_string,"Моя резервна копія - це довгий шістнадцятковий рядок ",,,,"My backup is a long hex string "
enter_pin_to_show_backup,"Введіть PIN-код додатку, щоб побачити фразу-пароль",,,,"Enter your app PIN to reveal the passphrase"
enter_pin_to_show_private_key,"Введіть PIN-код додатку, щоб побачити приватний ключ",,,,"Enter your app PIN to reveal the private Key"
pending_transactions,"В очікуванні ",,,,"Pending "
help_agreement_btn,"Допомога ",,,,"Help "
receive_token,"Отримати DHP токени ",,,,"Receive DHP tokens "
purpose_query_detail,"Призначення: ",,,,"Purpose: "
redeem_highlights_new,"Основні моменти: ",,,,"Highlights: "
receive_token_title,"Отримати токени ",,,,"Receive tokens "
address_description_receive_token_page,"Це ваша адреса: ",,,,"This is your address: "
tap_copy_address_description,"для отримання DHP токену",,,,"to receive DHP tokens"
scan_qr_description,"Надайте свою адресу спеціальним QR-кодом: ",,,,"Provide your address with custom QR code: "
hex_back_up_phrase,"Шістнадцяткова резервна фраза: ",,,,"Hex back up phrase: "
referral_link_description,"Це ваше посилання для запрошення:",,,,"This is your referral link: "
referral_instruction_1,"Запросіть свій контакт до Centiva",,,,"Invite your contact to Centiva"
referral_instruction_2,"Просто торкніться посилання вище, щоб скопіювати його та вставити в електронний лист із запрошенням або миттєвим повідомленням, яке ви можете надіслати своєму контакту",,,,"Just tap the link above to copy it and paste the link in an invitation email or instant message that you can send to your contact"
save_back_up_phrase_title,"Зберегти резервну фразу ",,,,"Save Backup Phrase "
save_mnemonic_description,"Збережіть цю мнемонічну резервну фразу в безпечному місці. Якщо ви перевстановите додаток, вам знадобиться пароль, щоб відновити гаманець. ",,,,"Please save this Mnemonic backup phrase in a secure location. You will need the passphrase to recover your wallet if you reinstall the app. "
save_passphrase_description,"Скопіюйте та збережіть резервну парольну фразу в захищеному місці. Якщо ви перевстановите додаток, вам знадобиться пароль, щоб відновити гаманець.",,,,"Please copy and save your backup passphrase in a secure location. You will need the passphrase to recover your wallet if you reinstall the app."
next_word_match,"Далі: Збіг слова ",,,,"Next: Word Match "
recipient,"Одержувач ",,,,"Recipient "
hit_available_amount,"Доступна сума: ",,,,"Available Amount: "
tx_fee,"Плата за транзакцію: ",,,,"Transaction fee: "
xem_available,"Доступний XEM:",,,,"Available XEM:"
add_xem_to_your_wallet,"Додайте XEM у свій гаманець. Натисніть ",,,,"Add XEM to your wallet. Click "
for_instruction,"для інструкцій. ",,,,"for instructions. "
recipient_address_description,"Адреса одержувача: ",,,,"Recipient address: "
transaction_summary,"Підсумок транзакцій ",,,,"Transaction summary "
sent_description,"Надісланий ",,,,"Sent "
ok_cool_btn,"ОК, чудово!",,,,Ok
detail_description,"Деталі: ",,,,"Details: "
message_description,"Повідомлення: ",,,,"Message: "
transaction_id,"ID транзакції ",,,,"Transaction ID "
action_description,"Дії: ",,,,"Actions: "
send_token_btn_tx_detail,"Надсилайте токени DHP ",,,,"Send DHP tokens "
receive_token_btn_tx_detail,"Отримуйте токени DHP ",,,,"Receive DHP tokens "
scan_code_btn_tx_detail,"Сканувати код ",,,,"Scan Code "
redemption_info_title,"Інформація щодо викупу ",,,,"Redemption Info "
access_code_description,"Код доступу ",,,,"Access Code "
wallet_passphrase_title,"Фраза-пароль для гаманця ",,,,"Wallet Passphrase "
warning_descript_1,"Доступне оновлення безпеки ",,,,"Security Update available "
warning_descript_2,"Створіть вашу нову мнемонічну фразу для відновлення зараз. ",,,,"Create your new mnemonic backup phrase now. "
wallet_private_key_title,"Приватний ключ до гаманця ",,,,"Wallet Private Key "
INVALID_ACCESS_CODE_TITLE,"Неправильний код доступу ",,,,"Invalid access code "
INVALID_ACCESS_CODE_CONTENT,"Будь ласка, переконайтесь, що ви вводите правильний код доступу ",,,,"Please make sure you enter the correct access code "
transaction_confirm_title,"Підтвердити ",,,,"Confirm "
button_negative_send,"Не надсилати ",,,,"Don't send "
request_camera_permission_title,"Немає доступу до Камери ",,,,"Cannot access the Camera "
request_camera_permission_sub_title,"Centiva не має дозволу на доступ до камери. Будь ласка, надайте дозвіл, щоб ви могли використовувати сканер QR-коду.<br>Перейдіть до 'Налаштувань' => Оберіть 'Centiva' => Дозволити доступ до  'Камери'",,,,"Centiva doesn't have permission to access the camera. Please grant the permission so you can use the QR code scanner.<br>Go to 'Settings' => Choose 'Centiva' => Allow access 'Camera' "
button_positive_permission,"Дозволити доступ ",,,,"Allow access "
birth_month_selector,"Місяць народження ",,,,"Birth Month "
birth_year_selector,"Рік народження ",,,,"Birth Year "
denied_query_btn,"Відмовлено ",,,,"Denied "
continue_btn,"Продовжити ",,,,"Continue "
copy_address_success,"Адресний код скопійовано!",,,,"Address code copied!"
receive_tx_detail_title,Отримано,,,,Received
transaction_detail_redemption,(Викуп),,,,(Redemption)
warning_create_wallet_back_up_1,"Резервна копія гаманця",,,,"Wallet Backup"
warning_create_wallet_back_up_2,"Створіть резервну копію гаманця зараз.",,,,"Create you wallet backup now."
words_not_match_message,"Слова не збігаються",,,,"Words do not match"
tap_here,"Торкніться тут",,,,"Tap here"
change_to_mnemonic_toast_notification,"Успішно збережено!",,,,"Saved successfully!"
current_pin_title,"Введіть ваш поточний PIN",,,,"Enter your current PIN"
new_pin_title,"Введіть новий PIN",,,,"Enter new PIN"
set_pin,"Встановити PIN",,,,"Set PIN"
skip,Пропустити,,,,Skip
change_pin,"Змінити PIN",,,,"Change PIN"
generate_randomness,"Генеруємо випадкові числа для безпеки гаманця",,,,"Generating random numbers for wallet security"
next,Далі,,,,Next
backup_phrase,"Фраза для резервного копіювання",,,,"Backup Phrase"
copy_phrase,"Скопіювати фразу",,,,"Copy Phrase"
backup_phrase_description,"Ось ваша фраза для резервного копіювання",,,,"Here is your backup phrase"
public_key,"Публічний ключ",,,,"Public Key"
public_key_description,"Використовується в межах застосунку для генерації транзакцій та для генерації цифрових підписів з метою автентифікації.",,,,"Used internally by the app to generate transactions and to generate digital signatures for the purposes of authentication."
private_key,"Приватний ключ",,,,"Private Key"
private_key_description,"Використовується внутрішньо застосунком, щоб захистити та витрачати токени DHP у вашому гаманці. Його слід ретельно охороняти.",,,,"Used internally by the app to secure and spend DHP tokens in your wallet. It should be carefully guarded."
wallet_address_description,"Ваш гаманець було створено. Адреса вашого гаманця показана нижче. Її використовують для ідентифікації вашого гаманця. Токени, які ви отримаєте, будуть надіслані на цю адресу.",,,,"Your wallet has been created. Your wallet address is shown below. It is used to identify your wallet. Tokens you receive will be sent to this address."
wallet_address,"Адреса гаманця",,,,"Wallet Address"
verify_phone_description,"Ми надішлемо вам код доступу через SMS для верифікації номера мобільного телефону.",,,,"We will send you an access code via SMS for mobile number verification."
your_mobile_number,"Ваш номер мобільного",,,,"Your Mobile Number"
resend_sms_code,"Надіслати SMS з Кодом ще раз",,,,"Resend SMS Code"
get_sms_code,"Отримати код в SMS",,,,"Get SMS Code"
verify_code_description,"Введіть ваш верифікаційний код нижче.",,,,"Enter your verification code below."
verify_code,"Верифікувати код",,,,"Verify Code"
enter_sms_code,"Введіть код з SMS",,,,"Enter SMS Code"
set_pin_again_title,"Ще раз введіть ваш PIN",,,,"Enter your PIN again"
title_home,Домашня,,,,Home
invalid_phone_number,"Неправильний номер телефону",,,,"Invalid phone number"
invalid_code,"Неправильний код",,,,"Invalid code"
verify_phone_with_sms,"Верифікувати телефон через SMS",,,,"Verify phone with SMS"
account_wallet_name,DHP,,,,DHP
verify_phone_number,"Верифікувати номер телефону",,,,"Verify Phone Number"
create_wallet_title_1,"Створити гаманець",,,,"Create Wallet "
recover_wallet_title,"Відновити гаманець",,,,"Recover Wallet"
set_app_pin_title,"Встановити PIN для вашого застосунку",,,,"Set your App PIN"
errormessage_confirm_pin_wrong,"Підтвердження PIN не збігається",,,,"Confirmation PIN does not match"
errormessage_current_pin_wrong,"Поточний PIN неправильний",,,,"Current PIN incorrect"
errormessage_login_fail,"Неправильний PIN. Будь ласка, спробуйте ще раз.",,,,"Incorrect PIN. Please try again."
successmessage_change_pin_success,"PIN успішно змінено!",,,,"PIN change successful!"
successmessage_set_pin_success,"PIN успішно встановлено!",,,,"PIN setup successful!"
successmessage_save_basic_health_data_success,"Основні дані про здоров'я успішно збережено!",,,,"Saved basic health data successfully!"
bottom_navigation_inbox,Вхідні,,,,Inbox
bottom_navigation_queries,Запити,,,,Queries
bottom_navigation_health_data,"Дані про здоров'я",,,,"Health Data"
bottom_navigation_wallet,Гаманець,,,,Wallet
current_balance,"Поточний баланс",,,,"Current Balance"
show_private_key,"Показати приватний ключ",,,,"Show Private key"
change_app_pin,"Змінити PIN застосунку",,,,"Change app PIN"
wallet_settings,"Налаштування гаманця",,,,"Wallet settings"
male,Чоловіча,,,,Male
female,Жіноча,,,,Female
month_of_birth,"Місяць народження",,,,"Month of Birth"
year_of_birth,"Рік народження",,,,"Year of Birth"
height,Висота,,,,Height
weight,Вага,,,,Weight
geographical_region,"Географічний регіон",,,,"Geographical Region"
physical_activity,"Фізична активність",,,,"Physical activity"
smoking,Паління,,,,Smoking
balance,Баланс,,,,Balance
copy_address,"Скопіювати адресу",,,,"Copy Address"
amount,Кількість,,,,Amount
send_token,"Надіслати DHP",,,,"Send DHP"
send_tokens_successfully,"DHP успішно надіслане",,,,"Sent DHP successfully"
confirm,Підтвердити,,,,Confirm
send,Надіслати,,,,Send
no,Ні,,,,No
all_tab_title,Все,,,,All
all,Все,,,,All
accepted,Прийнято,,,,Accepted
deny,Відхилити,,,,Deny
agree_and_continue,"Погодитись та продовжити",,,,"Agree and Continue"
forgot_pin,"Забули свій PIN?",,,,"Forgot your PIN? "
close_forgot_pin,Закрити,,,,Close
forgot_pin_description,"Будь ласка, перезапустіть або перевстановіть цей застосунок та використaйте фразу для резервного копіювання, щоб відновити гаманець",,,,"Please reset or re-install this app and use backup phrase to recover wallet"
other,Інше,,,,Other
consent_content,"Дякуємо за вашу готовність взяти участь у наступному запиті даних. Натискаючи ""Погоджуюсь"", ви погоджуєтесь, що ви готові надати запитувані дані та погоджуєтесь на обробку ваших персональних даних, як це описано у відповідній заяві щодо приватності.",,,,"Thank you for your willingness to participate in the following data request. By clicking Agree, you consent that you are willing to provide the requested data and agree to your personal data being processed as described in the applicable privacy statement."
consent_title,"Ми цінуємо вашу участь",,,,"Your participation is appreciated"
survey_information,"Дисклеймер щодо даних",,,,"Data Disclaimer"
copy_success,Скопійовано,,,,Copied
days_ago," днів тому",,,," days ago"
hours_ago," годин тому",,,," hours ago"
minutes_ago," хвилин тому",,,," minutes ago"
seconds_ago," секунд тому",,,," seconds ago"
query_from,"від ",,,,"from "
query_to,"до ",,,,"to "
language_title,Англійська,,,,English
receive,Отримати,,,,Receive
history,Історія,,,,History
scan_qr_code,"Сканувати QR-код",,,,"Scan QR code"
qr_code,QR-код,,,,"QR code"
scan_qr_code_title,"Сканувати QR-код",,,,"Scan QR code"
message_read_QR_code,"Адреса успішно прочитана",,,,"Read address successfully"
scan_fail_title,"Не вдалось відсканувати",,,,"Scan failed"
data_not_recognised_message,"Дані не розпізнані",,,,"Data not recognized"
scan_fail_button,ОК,,,,OK
permission_denied,В_доступі_відмовлено,,,,Permission_denied
expiration_day_title,"Доступне до",,,,"Available until"
amount_offer,"Запропоноване заохочення",,,,"Incentive offered"
offers_card_title,Пропозиції,,,,Offers
agreement_title,"Угода користувача",,,,"User Agreement"
Thank_you_description,"Дякуємо, що завантажили застосунок Centiva від HIT Foundation.",,,,"Thank you for downloading the Centiva app from HIT Foundation."
read_term_berfore_proceeding,"Будь ласка, перш ніж продовжувати, прочитайте цю анотацію наших правил сервісу:",,,,"Please read this summary of our terms of service before proceeding:"
first_agreement,"Centiva НЕ є медичним застосунком та не претендує на те, щоб надавати медичні поради. Якщо ви потребуєте медичної допомоги, будь ласка, зверніться до медичного професіонала або служби невідкладної допомоги.",,,,"Centiva is NOT a medical app and makes no claims to offer medical advice. If you are in need of medical care, please contact a medical professional or the emergency services."
second_agreement,"Для активації облікового запису Centiva вам має бути не менше 13 років.",,,,"You must be at least 13 years old or above to activate a Centiva account."
third_agreement,"Centiva не отримує і не зберігає інформацію про ваше здоров'я, а також не ділиться нею з жодними третіми сторонами.",,,,"Centiva does not receive, store, or share with any third party your health information."
fourth_agreement,"Ваші основні демографічні дані, а також дані про здоров'я й гаманець шифруються за допомогою вашого PIN та зберігаються у внутрішньому сховищі вашого мобільного пристрою. Усі дані, які ви надаєте шукачам інформації про ваше здоров'я, передаються шукачеві просто з вашого пристрою.",,,,"Your basic health and demographic data, as well as wallet data, is encrypted with your PIN and stored on your mobile device’s local storage. Any data you provide to seekers of your health information is transmitted directly from your device to the seeker."
fifth_agreement,"Ви одноосібно відповідаєте за збереження своєї інформації, включаючи ваш PIN та резервні копії даних гаманця.",,,,"You are solely responsible for the safekeeping of your information, including your PIN and wallet backups."
sixth_agreement,"Коли ви надаєте запитувані шукачем дані через цю платформу, до них застосовується політика конфіденційності та умови користування шукача, а також запропоновані ним стимули.",,,,"When you provide data requested by a seeker through this platform, the seeker’s privacy policies and terms of service are applicable to provided data as well as the incentives offered by the seeker."
agree_description,"Вибираючи ""Погоджуюсь"" нижче, ви погоджуєтесь дотримуватись наших умов користування та політики конфіденційності (посилання нижче). Дані умови користування впливають на ваші юридичні права та зобов'язання. Якщо ви не згодні дотримуватись цих правил користування, тоді не заходьте на цей сервіс та не користуйтесь ним.",,,,"By choosing ""Agree"" below, you agree to be bound by our terms of use and privacy policy (linked below). These Terms of Use affect your legal rights and obligations. If you do not agree to be bound by all of these Terms of Use, do not access or use the Service."
term_of_use,"Умови користування",,,,"Terms of Use"
privacy_policy,"Політика конфіденційності",,,,"Privacy policy"
and_of_term_policy,І,,,,And
decline_and_abort_registration,Відхилити,,,,Decline
title_decline_and_abort_registration,"Ви повинні погодитись з умовами користування та політикою конфіденційності, щоб продовжити",,,,"You must agree the Terms and Pivacy Policy to continue"
message_decline_and_abort_resgistration,"Ви справді хочете вийти із застосунку?",,,,"Do you really want to exit the application?"
not_enough_xem_warning,"У вашому гаманці недостатньо XEM, щоб провести цю транзакцію.",,,,"Your wallet does not have enough XEM to complete this transaction."
please_get_more_xem,"Будь ласка, добудьте більше XEM",,,,"Please get more XEM "
here,тут,,,,here
message_permission_accept,"Цей спосіб зв'язку буде використаний, лише щоб зареєструвати вас на платформі Centiva. Застосунок не робить і не приймає жодних телефонних викликів.",,,,"This access will be used only to secure your registration on the Centiva platform. The app does not make or receive any telephone calls."
language,Мова:,,,,Language:
app_settings,"Налаштування застосунку",,,,"App Settings"
app_language,"Мова застосунку",,,,"App language"
only_show_query_in_language,"Показувати лише запити у",,,,"Only show queries in"
faq,"Часті запитання",,,,FAQ
feedback_to_email,"Надіслати відгук",,,,"Send feedback"
SENT,надіслано,,,,sent
MESSAGE,повідомлення,,,,message
TIME_TRANSACTION_DETAIL,Час,,,,Time
MAIL_SHARE_ERROR_TITLE,"Поштову обліковку не налаштовано",,,,"No Email Account Configured"
MAIL_SHARE_ERROR_SUB_TITLE,"Будь ласка, налаштуйте поштову обліковку, щоб надіслати ел. лист.",,,,"Please set up an email account in order to send email."
SHARE_OPTION_TITLE,"Виберіть застосунок",,,,"Pick an app"
STORE_BACKUP_PHRASE_BUTTON,"Зберегти резервну фразу",,,,"Store Backup Phrase"
PASTE_BACKUP_PHRASE,"Вставити резервну фразу",,,,"Paste Backup Phrase"
REFERRAL_CARD_TITLE,"Запросити контакта",,,,"Invite a Contact"
REFERRAL_DESCRIPTION,"Запросіть контакта до Centiva",,,,"Invite a contact to Centiva"
REFERRAL_SUBDESCRIPTION,"й допоможіть розширити платформу",,,,"and help grow the platform"
COPY_BUTTON,"Скопіюйте реферальне посилання",,,,"Copy Referral Link"
QR_CODE_SHARE_DESCRIPTION,"Або нехай ваш контакт відсканує цей QR-код.",,,,"Or have your contact scan this QR code."
TOKEN_DESCRIPTION,Токени,,,,Tokens
REDEEM_POPUP_TITLE,Активація,,,,Redemption
REDEEM_POPUP_MESSAGE,"Купон буде надісланий ",,,,"The coupon will be sent to the "
REDEEM_SUCCESSFUL_MESSAGE,"Активація успішна. Скоро вам надійде інформація про заявку.",,,,"Redemption successful. You will receive claim information shortly."
REDEEM_HIGLIGHTS,"До уваги",,,,Highlights
REDEEM_TOKEN_REQUIRED_DESCRIPTION,"Потрібні токени DHP",,,,"DHP Tokens required"
REDEEM_QUANTITY_DESCRIPTION,"Ви отримуєте",,,,"You get"
REDEEM_BUTTON,"Активувати зараз",,,,"Redeem Now"
INFO,Інформація,,,,Info
USER_INFO_REDEMPTION,Активація,,,,Redemption
USER_INFO_REDEMPTION_BUTTON,Активувати,,,,Redeem
AVAILABLE_QUERIES_HOME_PAGE,Доступно,,,,Available
COPY_CONFIRMATION_DETAIL,"Скопіювати деталі підтвердження",,,,"Copy Confirmation Details"
COPYRIGHT,"Авторське право Ⓒ dHealth Foundation 2022",,,,"Copyright Ⓒ dHealth Foundation 2022"
APP_VERSION,"Версія застосунку",,,,"App version"
DEVICE_MODEL,"Модель пристрою",,,,"Device model"
OS_VERSION,"Версія ОС",,,,"OS version"
MANUFACTURER,Виробник,,,,Manufacturer
COPY,Копіювати,,,,Copy
ABOUT,Про,,,,About
OK,Добре,,,,Ok
REENTER_HEALTH_DATA_TITLE,"Дані про здоров'я відсутні",,,,"Health data is empty"
REENTER_HEALTH_DATA_MESSAGE,"Дані про здоров'я не вдалось прочитати після оновлення застосунку. Будь ласка, введіть повторно",,,,"Health data could not be read following app update, please reenter"
VERIFY_PHONE_AGAIN_TITLE,"Збій підтвердження через SMS",,,,"SMS verification failed"
VERIFY_PHONE_AGAIN_MESSAGE,"Будь ласка, підтвердьте знову для завершення своєї реєстрації",,,,"To complete your registration, please verify again"
PLEASE_GET_MORE_HIT,"Будь ласка, добудьте більше DHP",,,,"Please get more DHP"
GET_SMS_CODE_FAIL_TITLE,"Не вдалось отримати SMS-код",,,,"Failed to receive SMS code"
GET_SMS_CODE_FAIL_CONTENT,"Телефонний номер має бути формату [+][код країни][номер абонента включно з кодом району].",,,,"The format of the phone number must be [+][country code][subcriber number including area code]."
INCOMPLETE_BASIC_HEATH_TITLE,"Неповні основні дані про здоров'я",,,,"Incomplete basic health data"
INCOMPLETE_BASIC_HEATH_CONTENT,"Будь ласка, підтримуйте повноту та актуальність основної інформації про своє здоров'я, щоб отримати максимум від застосунку Centiva. Ця інформація зберігається лише на вашому пристрої і використовується для вибору відповідних для вас запитів. Вона нікому не надсилається.",,,,"Please keep your basic health information complete and up to date in order to get the most out of the Centiva app. This information is stored only on your device and used for selecting requests applicable to you. It is not shared with anyone."
REDEMPTION_DETAILS,"Деталі активації",,,,"Redemption details"
SHOW_DETAILS_USER_DATA,"Показати деталі",,,,"Show Details"
REDEMPTION_ID_DESCRIPTION,"ID активації:",,,,"Redemption ID:"
OFFER_PAGE_TITLE,"Деталі пропозиції",,,,"Offer Details"
BY_CHOOSING_AGREE,"Вибираючи ""Погоджуюсь"", ви приймаєте наші ",,,,"By choosing ""Agree"" you accept our "
VERIFY_PROVIDER,"Надавача додано",,,,"Provider Added"
PROVIDER_NAME,"Ім'я надавача",,,,"Provider name"
PROVIDER_ADDR,"Адреса надавача",,,,"Provider address"
YOUR_ID,"Ваш id",,,,"Your id"
VERIFY_PROVIDER_FAIL,"Інформація надавача невірна.",,,,"The provider information is not valid."
VERIFY_PROVIDER_SUCCESS,"Надавача успішно додано.",,,,"The provider was added successfully."
VERIFY,Підтвердити,,,,Verify
PROVIDER_LIST,Надавачі,,,,Providers
VERIFY_PROVIDER_TITLE_FAIL,"Невірна інформація",,,,"Invalid information"
ALREADY_ADDED_PROVIDER,"Надавач вже зареєстрований",,,,"Provider already registered"
VERIFY_MNEMONIC_SAVE_BUTTON,Зберегти,,,,Save
TITLE_VERIFY_MNEMONIC,"Підтвердити резервну копію",,,,"Verify backup"
NUMBER_KEYBOARD_1,1,,,,1
NUMBER_KEYBOARD_2,2,,,,2
NUMBER_KEYBOARD_3,3,,,,3
NUMBER_KEYBOARD_4,4,,,,4
NUMBER_KEYBOARD_5,5,,,,5
NUMBER_KEYBOARD_6,6,,,,6
NUMBER_KEYBOARD_7,7,,,,7
NUMBER_KEYBOARD_8,8,,,,8
NUMBER_KEYBOARD_9,9,,,,9
NUMBER_KEYBOARD_0,0,,,,0
ADD_PROVIDER_TITLE,"Додати надавача",,,,"Add Provider"
REVIEW_PROVIDER_TITLE,Надавач,,,,Provider
PATIENT_NAME,"Ім'я пацієнта",,,,"Patient name"
NAME_NOT_PROVIDE,"Ім'я не надане",,,,"Name not provided"
QR_SCAN_CONNECTION_ERROR,"Помилка з'єднання",,,,"Connection error"
QR_SCAN_USE_THE_SAME_ID_ERROR,"Цей ID вже використано",,,,"This ID already used"
QR_SCAN_VERIFY_DATA_FALSE,"Не вдалось перевірити дані",,,,"Failed to verify data"
QR_SCAN_VERIFY_DATA_AGAIN_FALSE,"Не вдалось перевірити дані",,,,"Failed to verify data"
ADDRESS_NOT_FOUND_IN_LIST_AUTHORIZED_SEEKERS,"Адресу не знайдено у списку авторизованих шукачів",,,,"Address not found in list of authorized seekers"
consent_alert_title,"Відкрити посилання в браузері",,,,"Open URL in browser"
consent_alert_agree,Продовжити,,,,Continue
fourth_agreement_covid,"Ваші основні демографічні дані та дані про здоров'я шифруються за допомогою вашого PIN і зберігаються у внутрішньому сховищі вашого мобільного пристрою. Усі дані, які ви надаєте шукачам інформації про ваше здоров'я, передаються шукачеві просто з вашого пристрою.",,,,"Your basic health and demographic data is encrypted with your PIN and stored on your mobile device’s local storage. Any data you provide to seekers of your health information is transmitted directly from your device to the seeker."
fifth_agreement_covid,"Ви одноосібно відповідаєте за збереження своєї інформації, включаючи ваш PIN та облікові дані поштової обліковки.",,,,"You are solely responsible for the safekeeping of your information such as your PIN and account email credentials."
covid19_homepage_status,"Поточний статус",,,,"Current status"
covid19_homepage_status_2,"Діагностовано COVID-19",,,,"Diagnosed with COVID-19"
covid19_homepage_status_1,"Спостерігаються симптоми",,,,"Observing symptoms"
covid19_homepage_status_0,Здоровий(-а),,,,Healthy
covid19_homepage_tested_question,"Ви проходили тест на COVID-19?",,,,"Have you been tested for COVID-19?"
covid19_test_questions_title,"Тестування на COVID-19",,,,"COVID-19 Testing"
covid19_test_location,"Місце, де був проведений тест на COVID-19",,,,"Location where COVID-19 test was performed"
covid19_test_diagnosed_question,"Оскільки у вас було діагностовано COVID-19, не хотіли б ви поділитись цією інформацією з людьми, з якими ви недавно фізично контактували?",,,,"As you have been positively diagnosed with COVID-19, would you like to share this information with people you have recently been in physical contact with?"
covid19_inform_contact_description,"Повідомити контакта про результат вашого тесту на COVID-19",,,,"Inform a contact of your COVID-19 test outcome"
covid19_inform_contact_sub_description,"(з яким ви контактували протягом останніх 10 днів)",,,,"(who you have been in contact with within the last 10 days)"
covid19_invited_description,"Вас запросив контакт. Запросіть контактів, які можуть бути зацікавлені у відстеженні симптомів.",,,,"You have been invited by a contact. Invite contacts who may be interested in tracking symptoms."
covid19_invite_description,"Запросіть контактів, які можуть бути зацікавлені у відстеженні симптомів.",,,,"Invite contacts who may be interested in tracking symptoms."
covid19_information_description,"Протягом наступних днів/тижнів ви отримуватимете опитування через застосунок (у ваших вхідних повідомленнях) для моніторингу ваших симптомів та отримання порад щодо потенційних наступних кроків.",,,,"During the coming days/weeks, you will receive questionnaires via the app (in your inbox) to monitor your symptoms and advise on potential next steps."
covid19_test_location_label,"Місце, де був проведений тест на COVID-19",,,,"Location where COVID-19 test was performed"
covid19_search_address_label,"Шукати адресу",,,,"Search for address"
covid19_test_date_label,"День проведення тесту на COVID-19",,,,"Date when COVID-19 test was performed"
covid19_day_label,День,,,,Day
covid19_month_label,Місяць,,,,Month
covid19_year_label,Рік,,,,Year
covid19_test_outcome_label,"Результат тесту на COVID-19",,,,"Outcome of COVID-19 test"
covid19_test_outcome_positive_label,"Позитивний (діагностований COVID-19)",,,,"Positive (Diagnosed with COVID-19)"
covid19_test_outcome_negative_label,"Негативний (не заражений)",,,,"Negative (No infection)"
covid19_test_outcome_shareable_label,"Чи не бажаєте анонімно поділитись даними про результат свого тесту на COVID-19 з хранителем даних для підтримки боротьби з коронавірусом?",,,,"Would you like to share the outcome of your COVID-19 test anonymously with the data custodian to support the fight against the coronavirus?"
covid19_yes_label,Так,,,,Yes
covid19_no_label,Ні,,,,No
covid19_invite_contact_title,Поділитися,,,,Share
covid19_invite_contact_share_reminder,"Ви бажаєте поділитися результатами свого тесту на COVID-19, інформуючи контакти?",,,,"Do you want to share your COVID-19 test outcome when informing contacts?"
covid19_invite_contact_tap_link_description,"Натисніть на посилання нижче, щоб запросити контакти.",,,,"Tap the link below to invite contacts."
verify_email_1_title,"Зареєструватися через електронну пошту",,,,"Sign up with email"
verify_email_1_get_email_description,"Будь ласка, надайте свою електронну адресу. На цю електронну адресу буде вислано посилання для підтвердження. Ви маєте перейти за ним на цьому пристрої, щоб реєстрацію у додатку було завершено.",,,,"Please provide your email address. A verification link will be sent to this email address. It must be opened on this device in order to complete app sign-in."
verify_email_1_email_description,"Електронна адреса",,,,Email
verify_email_1_invalid_email_1,"Недійсна електронна адреса!",,,,"Invalid email!"
verify_email_1_send_sign_in_email_button,"Надіслати електронну адресу для реєстрації",,,,"Send sign in email"
verify_email_2_title,"Перевірити електронну адресу",,,,"Verify email"
verify_email_2_get_link_description,"Будь ласка, натисніть на посилання для підтвердження на цьому пристрої, щоб реєстрацію у додатку було завершено.",,,,"Please click on the verification link on this device to complete app sign-in"
covid19_symptoms_question,"Ви страждаєте від будь-якого з наступних симптомів?",,,,"Are you suffering from any of the following symptoms?"
covid19_symptoms_cough_label,Кашель,,,,Cough
covid19_symptoms_fever_label,Лихоманка,,,,Fever
covid19_symptoms_tiredness_label,Утома,,,,Tiredness
covid19_symptoms_difficult_breathing_label,"Утруднене дихання",,,,"Difficulty breathing"
covid19_close_contact_question,"Чи повідомляв вас хтось останнім часом про позитивний тест на COVID-19, і при цьому ви тісно контактували з цією особою протягом 10 днів перед тестом?",,,,"Has someone recently notified you of being tested positively for COVID-19, and you have been in close contact with that person within the 10 days before the test?"
covid19_close_proximity_positive_question,"Так як ви контактували з пацієнтом, у якого діагностували COVID-19, будь ласка, дотримуйтеся місцевих інструкцій щодо самоізоляції (не виходьте з дому без нагальної потреби, за їжею, ліками тощо)",,,,"As you have been in contact with a positively diagnosed COVID-19 patient, please follow local self-isolation guidance (not leaving your house for anything other than critical needs, food, medication,etc.)"
covid19_symptoms_shareable_question,"Хочете анонімно поділитися своїми симптомами з відповідальним за збереження даних, аби допомогти у боротьбі з коронавірусом?",,,,"Would you like to share your symptoms anonymously with the data custodian to support the fight against the coronavirus?"
covid19_test_questions_subtitle,"Відзвітувати про результат діагностичного тесту",,,,"Report result of a diagnostic test"
covid19_test_confirmed_date_label,"Дата, коли результат було підтверджено",,,,"Date when result was confirmed"
covid19_invite_contact_text1,"Або ви можете запросити свої контакти використати додаток.",,,,"Otherwise, you can invite your contacts to use the app."
covid19_invite_contact_text2,"Ви зможете відредагувати текст вашого повідомлення перед надсиланням.",,,,"You will be able to edit the text of your message before sending."
covid19_invite_contact_text3,"Будь ласка, майте на увазі, що вашу особистість буде розкрито, якщо ви поділитеся.",,,,"Please be aware that sharing will divulge your identity."
covid19_invite_contact_button_label,"Поділитися з контактами",,,,"Share with contacts"
covid19_0_or_1_information1,"Під час спалаху пандемії COVID-19 важливо уповільнити поширення. Використовуйте гео-відмітки у CovAid та QR-сканери, щоб отримувати попередження про райони підвищеного ризику. У випадку підтвердження діагнозу COVID-19, будь ласка, відзвітуйте про результат тесту, а також попередьте людей, з якими ви безпосередньо контактували протягом останніх 10 днів.",,,,"During the COVID-19 pandemic outbreak, it is essential to slow down transmission. Use Centiva Geo check-ins and QR Scans to receive alerts for areas with increased exposure risk. Upon a positive COVID-19 diagnosis, report your test, and please inform contacts with whom you have been in direct contact within the last 10 days."
covid19_0_or_1_information2,"Дотримуйтеся національної стратегії, розробленої для контролю над спалахом пандемії COVID-19. Якщо вас просять, будь ласка, залишайтеся вдома на самоізоляції, носіть маску, тримайтеся на безпечній відстані від інших і часто мийте руки. Завжди дотримуйтеся вказівок свого лікаря.",,,,"Follow the national strategy intended to control the pandemic outbreak of COVID-19. If asked to, please stay home and isolate, wear a mask, keep a safe distance from others and wash your hands frequently. At any time, follow the guidance by your doctor."
covid19_join_now_button,"Приєднатися зараз",,,,"Join now"
covid19_fever_question,"У вас є або була лихоманка (температура тіла  > 37.5 °C)?",,,,"Do you have currently a fever or feverish episode (body temperature > 37.5 °C)?"
covid19_which_symtomp_question,"Які симптоми ви наразі відчуваєте?",,,,"Which symptoms are you currently experiencing?"
covid19_shortness_of_breath,Задишка,,,,"Shortness of breath"
covid19_sore_throat,"Біль у горлі",,,,"Sore Throat"
covid19_cough,Кашель,,,,Cough
covid19_chest_pain,"Біль у грудях",,,,"Chest Pain"
covid19_headache,"Головний біль",,,,Headache
covid19_fatigue,Утома,,,,Fatigue
covid19_nausea,Нудота,,,,Nausea
covid19_muscle_pain,"Біль у м'язах",,,,"Muscle pain"
covid19_runny_nose,Нежить,,,,"Runny nose"
covid19_diarrhea,Діарея,,,,Diarrhea
covid19_lost_of_smell_or_taste,"Втрата нюху та смаку (за відсутності нежитю)",,,,"Loss of smell or taste (w/o having a blocked nose)"
covid19_daily_check_button,"Щоденна Перевірка",,,,"Daily Check"
covid19_test_report_button,"Відзвітувати про Тест",,,,"Report a Test"
covid19_share_with_contacts,"Поділитися з контактами",,,,"Share with contacts"
covid19_user_location_label,"Ваше місцезнаходження",,,,"Your location"
covid19_symptom_questions_title,"Щоденна Перевірка Симптомів",,,,"Daily Symptom Check"
covid19_check_in_successful_card,"Успішна реєстрація: ",,,,"Check-in successful: "
covid19_keep_your_health_status_update_reminder,"Своєчасно слідкуйте за станом свого здоров'я:",,,,"Keep your health status up to date:"
covid19_keep_others_safe_reminder,"Бережіть інших:",,,,"Keep others safe:"
covid_19_questionnaire_test_no_response_1,"Наразі немає ніяких ознак того, що ви могли заразитися на новий коронавірус. Будь ласка, дотримуйтеся обмежень, встановлених вашим урядом. Слідкуйте за своєю гігієною та фізичною дистанцією!",,,,"Currently, there is no sign that you are at risk of having contracted the new coronavirus. Please adhere to the restrictions that have been set by your government. Make sure you are practicing good hygiene and physical distancing!"
covid_19_questionnaire_test_no_response_2,"Зважаючи на ваш вік та/або наявний стан здоров'я, ви маєте постійно слідкувати за своїми симптомами.",,,,"According to your age and/or preexisting conditions you should monitor your symptoms on a regular basis."
covid_19_questionnaire_test_no_response_3,"Ви сповістили про задишку, кашель та високу температуру, тож негайно зверніться до свого лікаря або лікарні. Повідомте, що ви звертаєтеся у зв'язку з новим коронавірусом, і що ви у зоні високого ризику. Розкажіть про свої симптоми.",,,,"You reported shortness of breath, a cough and high temperature, call your doctor or a hospital immediately. State that you are calling in connection with the new coronavirus and that you are at high risk. Describe your symptoms."
covid_19_questionnaire_test_no_response_4,"Ви відчуваєте симптоми COVID-19, або ж ви контактували з особою, у якої діагностовано COVID-19. Існує ймовірність того, що ви заразилися на новий коронавірус. Слідкуйте за своїми симптомами.",,,,"You experience symptoms related to COVID-19, or you have been in contact with a person diagnosed with COVID-19. There is some likelihood that you have contracted the new coronavirus. You should monitor your symptoms."
covid_19_questionnaire_test_no_understood_button,Зрозуміло,,,,Understood
covid_19_share_location_data_question,"Чи погоджуєтеся ви розкрити своє місцезнаходження відповідальному за збереження даних, щоб анонімно попередити інших користувачів?",,,,"Do you agree to share your location check-in data with the data custodian in order to anonymously alert other users?"
LANGUAGES.it,Італійська,,,,Italian
covid19_check_in_disabled,"Після підтвердження діагнозу COVID-19 реєстрація не підтримується.",,,,"Check-ins are not supported upon being diagnosed with COVID-19."
warning,Застерігання,,,,Warning
covid19_risk_alert,"Попередження про Ризик COVID-19",,,,"COVID-19 Risk Alert"
covid19_risk_alert_info,"Район, який ви відвідали, був у зоні підвищеного ризику під час вашого перебування.",,,,"A location you visited had an increased exposure risk while you were there."
covid19_alert_details_title,"Попередження про Контакт з COVID-19",,,,"COVID-19 Contact Alert"
covid19_alert_details_info,"Район, який ви відвідали, був у зоні підвищеного ризику під час вашого перебування там",,,,"A location you visited had an increased exposure risk while you were there on the "
covid19_alert_observe_symptoms,"Будь ласка, уважно слідкуйте за своїми симптомами у найближчі дні, а також самоізолюйтеся належним чином.",,,,"Please observe your symptoms actively over the coming days, and self isolate as appropriate."
covid19_other_symtomps_placeholder,"Інше (будь ласка, вкажіть)",,,,"Other (please indicate)"
covid_19_related_factors_first_question,"Ви регулярно приймаєте ліки від:",,,,"Are you regularly taking medication for:"
covid_19_related_factors_on_meds_hypertension,Гіпертонії?,,,,"High Blood Pressure?"
covid_19_related_factors_on_meds_diabetes,Діабету?,,,,Diabetes?
covid_19_related_factors_chronic_respirator_issues,"Хронічних респіраторних захворювань (наприклад, ХОЗЛ, астми тощо)?",,,,"Chronic respiratory issues (i.e., COPD, asthma, etc.)?"
covid_19_related_factors_on_meds_immunosuppression,"Пригнічення імунітету (наприклад, після трансплантації органів)?",,,,"Immunosuppression (e.g. after organ transplantation)?"
covid_19_related_factors_chemo_or_radio_therapy,"Або проходите лікування рака хіміотерапією/променевою терапією?",,,,"Or are you undergoing chemo-/radiotherapy for cancer treatment?"
covid_19_related_factors_second_question,"Ви страждаєте на будь-яку з наступних хвороб?",,,,"Are you suffering from any of the following diseases?"
covid_19_related_factors_chronic_neurological_issues,"Хронічні неврологічні захворювання (наприклад, хворобу Паркінсона, МС тощо)?",,,,"Chronic neurological issues (i.e., Parkinson’s disease, MS, etc.)?"
covid_19_related_factors_weakened_immune_system,"Ослаблення імунної системи (наприклад, під час лікування стероїдними препаратами)?",,,,"Weakened immune system (e.g., on steroidal treatment)?"
covid_19_related_factors_blood_cancer,"Рак крові (лейкоз) на будь-якому етапі лікування?",,,,"Blood cancer (leukemia) at any stage of treatment?"
covid_19_related_factors_chronic_kidney_issues,"Хронічні захворювання нирок?",,,,"Chronic kidney issues?"
covid_19_related_factors_chronic_heart_issues,"Хронічні захворювання серця (наприклад, серцеву недостатність)?",,,,"Chronic heart issues (i.e., heart failure)?"
covid_19_related_factors_chronic_liver_issues,"Хронічні захворювання печінки (наприклад, гепатит)?",,,,"Chronic liver issues (i.e., hepatitis)?"
covid_19_related_factors_HIV_AIDS,ВІЛ/СНІД?,,,,HIV/AIDS?
covid19_respiratory,"Респіраторні симптоми, такі як кашель (зазвичай сухий), біль у горлі, задишка",,,,"Respiratory symptoms, such as cough (usually dry), sore throat, shortness of breath"
covid19_conjunctivitis,Кон'юнктивіт,,,,Conjunctivitis
covid19_headcold,Нежить,,,,"Head cold"
covid19_head_cold,Нежить,,,,"Head cold"
searchable_place_holder,Пошук,,,,Search
covid19_enter_place,"Вкажіть лише місто/селище",,,,"Enter city/town/village only"
covid19_enter_post_code,"Вкажіть поштовий індекс",,,,"Enter postal code"
covid19_share_with_contacts_content1,"Ви контактували з особою, у якої нещодавно було діагностовано COVID-19. Будь ласка, слідкуйте за своїми симптомами.",,,,"You have been in contact with someone who has recently been diagnosed with COVID-19. Please track your symptoms."
covid19_share_with_contacts_content2,"Хочу поділитися з вами додатком Centiva, адже разом ми можемо зупинити поширення нового коронавірусу!",,,,"I'd like to share the Centiva app with you because together we can prevent the new coronavirus from spreading!"
covid19_check_in_button,Реєстрація,,,,"Check in"
covid19_risk_alert_info_verified,"Один з районів, який ви відвідали, знаходився у зоні високого ризику.",,,,"One of the locations you visited had a high risk of exposure."
covid_19_related_factors_adipositas,"Ожиріння ступінь III (патологія, ІМТ ≥ 40 кг/м²)",,,,"Obesity grade lll (morbid, BMI ≥ 40 kg/m²)"
covid19_symptoms_version,"Рекомендація BAG від 15 травня 2020",,,,"BAG recommendation as of 15 May 2020"
covid19_test_has_verification_code,"Ви отримали код підтвердження?",,,,"Have you received a verification code?"
choose_map_check_in,"Поточне Місцезнаходження",,,,"Current Location"
choose_qr_check_in,"Відсканувати QR-код",,,,"Scan QR Code"
covid19_check_in_button_home,"Реєстрація Місцезнаходження",,,,"Location Check in"
covid19_test_verification_label,"Код підтвердження",,,,"Verification code"
covid19_test_verification_placeholder,"Введіть код підтвердження",,,,"Enter verification code"
covid19_test_basic_health_label,"Базове здоров'я",,,,"Basic health"
covid19_test_gender_label,Стать,,,,Gender
covid19_test_age_bracket_label,"Вікова група",,,,"Age bracket"
send_feedback_email_title,відгук,,,,feedback
send_feed_back_email_title,"Відгук користувача додатком",,,,"Feedback from app user"
invite_contact_share_by_email,"Поділитися через електронну пошту",,,,"Share by email"
invite_contact_share_as_message,"Поділитися у повідомленні",,,,"Share as message"
covid19_invite_contact_subject,"CovAid від Centiva",,,,"COVID-19 by Centiva"
pub_health_fourth_agreement,"Ваші основні медичні та демографічні дані шифруються разом із вашим PIN-кодом і зберігаються на локальній пам’яті вашого мобільного пристрою. Будь-які дані, які ви надаєте шукачам вашої медичної інформації, передаються безпосередньо з вашого пристрою шукачеві.",,,,"Your basic health and demographic data is encrypted with your PIN and stored on your mobile device’s local storage. Any data you provide to seekers of your health information is transmitted directly from your device to the seeker."
pub_health_fifth_agreement,"Ви несете повну відповідальність за збереження вашої інформації, такої як PIN-код та дані електронної пошти облікового запису.",,,,"You are solely responsible for the safekeeping of your information such as your PIN and account email credentials."
pub_health_homepage_status,"Поточний статус",,,,"Current status"
pub_health_homepage_status_2,"Діагностовано COVID-19",,,,"Diagnosed with COVID-19"
pub_health_homepage_status_1,"Спостереження за симптомами",,,,"Observing symptoms"
pub_health_homepage_status_0,Здоровий,,,,Healthy
pub_health_homepage_tested_question,"Чи проходили ви тест на COVID-19?",,,,"Have you been tested for COVID-19?"
pub_health_test_questions_title,"Тестування COVID-19",,,,"COVID-19 Testing"
pub_health_test_location,"Місце, де проводили випробування COVID-19",,,,"Location where COVID-19 test was performed"
pub_health_test_diagnosed_question,"Після того, як у вас був діагноз «COVID-19», чи хотіли б ви поділитися цією інформацією з людьми, з якими ви нещодавно були у фізичному контакті?",,,,"As you have been positively diagnosed with COVID-19, would you like to share this information with people you have recently been in physical contact with?"
pub_health_inform_contact_description,"Повідомте про свій результат тесту COVID-19",,,,"Inform a contact of your COVID-19 test outcome"
pub_health_inform_contact_sub_description,"(з ким ви контактували протягом останніх 10 днів)",,,,"(who you have been in contact with within the last 10 days)"
pub_health_invited_description,"Вас запросив контакт. Запросіть контактів, які можуть бути зацікавлені у відстеженні симптомів.",,,,"You have been invited by a contact. Invite contacts who may be interested in tracking symptoms."
pub_health_invite_description,"Запросіть контактів, які можуть бути зацікавлені у відстеженні симптомів.",,,,"Invite contacts who may be interested in tracking symptoms."
pub_health_information_description,"Протягом найближчих днів / тижнів ви отримуватимете анкети через додаток (у папці ""Вхідні"") для моніторингу своїх симптомів та поради щодо можливих наступних кроків.",,,,"During the coming days/weeks, you will receive questionnaires via the app (in your inbox) to monitor your symptoms and advise on potential next steps."
pub_health_test_location_label,"Місце, де проводили випробування COVID-19",,,,"Location where COVID-19 test was performed"
pub_health_search_address_label,"Пошук адреси",,,,"Search for address"
pub_health_test_date_label,"Дата проведення тесту на COVID-19",,,,"Date when COVID-19 test was performed"
pub_health_day_label,День,,,,Day
pub_health_month_label,Місяць,,,,Month
pub_health_year_label,Рік,,,,Year
pub_health_test_outcome_label,"Результат тесту COVID-19",,,,"Outcome of COVID-19 test"
pub_health_test_outcome_positive_label,"Позитивний (діагностовано COVID-19)",,,,"Positive (Diagnosed with COVID-19)"
pub_health_test_outcome_negative_label,"Негативний (Без зараження)",,,,"Negative (No infection)"
pub_health_test_outcome_shareable_label,"Чи хочете ви поділитися результатами вашого тесту COVID-19 анонімно з зберігачем даних для підтримки боротьби з коронавірусом?",,,,"Would you like to share the outcome of your COVID-19 test anonymously with the data custodian to support the fight against the coronavirus?"
pub_health_yes_label,Так,,,,Yes
pub_health_no_label,Немає,,,,No
pub_health_invite_contact_title,Поділитися,,,,Share
pub_health_invite_contact_share_reminder,"Ви хочете поділитися своїм результатом тесту COVID-19 під час інформування контактів?",,,,"Do you want to share your COVID-19 test outcome when informing contacts?"
pub_health_invite_contact_tap_link_description,"Торкніться посилання нижче, щоб запросити контакти.",,,,"Tap the link below to invite contacts."
pub_health_symptoms_question,"Ви страждаєте від будь-якого з наступних симптомів?",,,,"Are you suffering from any of the following symptoms?"
pub_health_symptoms_cough_label,Кашель,,,,Cough
pub_health_symptoms_fever_label,Лихоманка,,,,Fever
pub_health_symptoms_tiredness_label,Втома,,,,Tiredness
pub_health_symptoms_difficult_breathing_label,"Утруднене дихання",,,,"Difficulty breathing"
pub_health_close_contact_question,"Чи нещодавно хтось повідомив, що ви пройшли позитивну перевірку на COVID-19, і ви були в тісному контакті з цією людиною протягом 10 днів до тесту?",,,,"Has someone recently notified you of being tested positively for COVID-19, and you have been in close contact with that person within the 10 days before the test?"
pub_health_close_proximity_positive_question,"Коли ви контактували з пацієнтом, що поставив діагноз «COVID-19» з позитивним діагнозом, будь ласка, дотримуйтесь інструкцій щодо місцевої самоізоляції (не виходячи з дому ні за що, крім критичних потреб, їжі, ліків тощо).",,,,"As you have been in contact with a positively diagnosed COVID-19 patient, please follow local self-isolation guidance (not leaving your house for anything other than critical needs, food, medication,etc.)"
pub_health_symptoms_shareable_question,"Чи хочете ви поділитися своїми симптомами анонімно з зберігачем даних для підтримки боротьби з коронавірусом?",,,,"Would you like to share your symptoms anonymously with the data custodian to support the fight against the coronavirus?"
pub_health_test_questions_subtitle,"Повідомте результат діагностичного тесту",,,,"Report result of a diagnostic test"
pub_health_test_confirmed_date_label,"Дата підтвердження результату",,,,"Date when result was confirmed"
pub_health_invite_contact_text1,"В іншому випадку ви можете запросити своїх контактів використовувати програму.",,,,"Otherwise, you can invite your contacts to use the app."
pub_health_invite_contact_text2,"Ви зможете редагувати текст свого повідомлення перед надсиланням.",,,,"You will be able to edit the text of your message before sending."
pub_health_invite_contact_text3,"Будь ласка, майте на увазі, що обмін розголосить вашу особу.",,,,"Please be aware that sharing will divulge your identity."
pub_health_invite_contact_button_label,"Поділитися з контактами",,,,"Share with contacts"
pub_health_0_or_1_information1,"Під час спалаху пандемії COVID-19 важливо сповільнити передачу. Використовуйте реєстраційні реєстрації Centiva Geo та QR-сканування, щоб отримувати сповіщення про райони з підвищеним ризиком впливу. Після позитивного діагнозу COVID-19 повідомте про свій тест і повідомте про контакти, з якими ви були в прямому контакті протягом останніх 10 днів.",,,,"During the COVID-19 pandemic outbreak, it is essential to slow down transmission. Use Centiva Geo check-ins and QR Scans to receive alerts for areas with increased exposure risk. Upon a positive COVID-19 diagnosis, report your test, and please inform contacts with whom you have been in direct contact within the last 10 days."
pub_health_0_or_1_information2,"Дотримуйтесь національної стратегії, спрямованої на боротьбу зі спалахом пандемії COVID-19. Якщо вас просять, будь ласка, залишайтеся вдома та ізолюйтесь, носіть маску, тримайтеся на безпечній відстані від інших і часто мийте руки. У будь-який час дотримуйтесь вказівок лікаря.",,,,"Follow the national strategy intended to control the pandemic outbreak of COVID-19. If asked to, please stay home and isolate, wear a mask, keep a safe distance from others and wash your hands frequently. At any time, follow the guidance by your doctor."
pub_health_join_now_button,"Приєднуйся зараз",,,,"Join now"
pub_health_fever_question,"У вас зараз епізод лихоманки або лихоманки (температура тіла> 37,5 ° C)?",,,,"Do you have currently a fever or feverish episode (body temperature > 37.5 °C)?"
pub_health_which_symtomp_question,"Які симптоми Ви зараз відчуваєте?",,,,"Which symptoms are you currently experiencing?"
pub_health_shortness_of_breath,Задишка,,,,"Shortness of breath"
pub_health_sore_throat,"Болить горло",,,,"Sore Throat"
pub_health_cough,Кашель,,,,Cough
pub_health_chest_pain,"Біль у грудях",,,,"Chest Pain"
pub_health_headache,"Головний біль",,,,Headache
pub_health_fatigue,Втома,,,,Fatigue
pub_health_nausea,Нудота,,,,Nausea
pub_health_muscle_pain,"Біль у м'язах",,,,"Muscle pain"
pub_health_runny_nose,Нежить,,,,"Runny nose"
pub_health_diarrhea,Діарея,,,,Diarrhea
pub_health_lost_of_smell_or_taste,"Втрата запаху або смаку (без заблокованого носа)",,,,"Loss of smell or taste (w/o having a blocked nose)"
pub_health_daily_check_button,"Щоденна перевірка",,,,"Daily Check"
pub_health_test_report_button,"Повідомте про тест",,,,"Report a Test"
pub_health_share_with_contacts,"Поділитися з контактами",,,,"Share with contacts"
pub_health_user_location_label,"Ваше місцезнаходження",,,,"Your location"
pub_health_symptom_questions_title,"Щоденна перевірка симптомів",,,,"Daily Symptom Check"
pub_health_check_in_successful_card,"Реєстрація успішна: ",,,,"Check-in successful: "
pub_health_keep_your_health_status_update_reminder,"Будьте в курсі свого стану здоров’я:",,,,"Keep your health status up to date:"
pub_health_keep_others_safe_reminder,"Бережіть інших:",,,,"Keep others safe:"
pub_health_questionnaire_test_no_response_1,"Наразі немає жодних ознак того, що ви ризикуєте заразитися новим коронавірусом. Будь ласка, дотримуйтесь обмежень, встановлених урядом. Переконайтеся, що ви дотримуєтесь належної гігієни та фізичної дистанції!",,,,"Currently, there is no sign that you are at risk of having contracted the new coronavirus. Please adhere to the restrictions that have been set by your government. Make sure you are practicing good hygiene and physical distancing!"
pub_health_questionnaire_test_no_response_2,"Відповідно до вашого віку та / або існуючих умов, ви повинні регулярно контролювати свої симптоми.",,,,"According to your age and/or preexisting conditions you should monitor your symptoms on a regular basis."
pub_health_questionnaire_test_no_response_3,"Ви повідомили про задишку, кашель та високу температуру, негайно викликайте лікаря чи лікарню. Заявіть, що вам дзвонять у зв’язку з новим коронавірусом і що ви ризикуєте. Опишіть свої симптоми.",,,,"You reported shortness of breath, a cough and high temperature, call your doctor or a hospital immediately. State that you are calling in connection with the new coronavirus and that you are at high risk. Describe your symptoms."
pub_health_questionnaire_test_no_response_4,"У вас спостерігаються симптоми, пов’язані з COVID-19, або ви контактували з людиною, яка поставила діагноз COVID-19. Існує певна ймовірність того, що ви заразилися новим коронавірусом. Ви повинні стежити за своїми симптомами.",,,,"You experience symptoms related to COVID-19, or you have been in contact with a person diagnosed with COVID-19. There is some likelihood that you have contracted the new coronavirus. You should monitor your symptoms."
pub_health_questionnaire_test_no_understood_button,Зрозумів,,,,Understood
pub_health_share_location_data_question,"Чи погоджуєтесь ви поділитися даними про реєстрацію своїх даних із зберігачем даних, щоб анонімно попередити інших користувачів?",,,,"Do you agree to share your location check-in data with the data custodian in order to anonymously alert other users?"
pub_health_check_in_disabled,"Реєстрація не підтримується після діагнозу COVID-19.",,,,"Check-ins are not supported upon being diagnosed with COVID-19."
pub_health_risk_alert,"Сповіщення про ризик COVID-19",,,,"COVID-19 Risk Alert"
pub_health_risk_alert_info,"Місце, яке ви відвідали, підвищило ризик впливу під час перебування там.",,,,"A location you visited had an increased exposure risk while you were there."
pub_health_alert_details_title,"Сповіщення про контакт COVID-19",,,,"COVID-19 Contact Alert"
pub_health_alert_details_info,"Місце, яке ви відвідали, підвищило ризик опромінення, поки ви були там ",,,,"A location you visited had an increased exposure risk while you were there on the "
pub_health_alert_observe_symptoms,"Будь ласка, спостерігайте за своїми симптомами активно протягом найближчих днів та самоізолюйтесь, якщо це доречно.",,,,"Please observe your symptoms actively over the coming days, and self isolate as appropriate."
pub_health_other_symtomps_placeholder,"Інше (вкажіть)",,,,"Other (please indicate)"
pub_health_related_factors_first_question,"Ви регулярно приймаєте ліки для:",,,,"Are you regularly taking medication for:"
pub_health_related_factors_on_meds_hypertension,Гіпертонія?,,,,"High Blood Pressure?"
pub_health_related_factors_on_meds_diabetes,Діабет?,,,,Diabetes?
pub_health_related_factors_chronic_respirator_issues,"Хронічні дихальні проблеми (тобто ХОЗЛ, астма тощо)?",,,,"Chronic respiratory issues (i.e., COPD, asthma, etc.)?"
pub_health_related_factors_on_meds_immunosuppression,"Імуносупресія (наприклад, після трансплантації органів)?",,,,"Immunosuppression (e.g. after organ transplantation)?"
pub_health_related_factors_chemo_or_radio_therapy,"Або ви проходите хіміо- / променеву терапію для лікування раку?",,,,"Or are you undergoing chemo-/radiotherapy for cancer treatment?"
pub_health_related_factors_second_question,"Ви страждаєте від будь-якого з наступних захворювань?",,,,"Are you suffering from any of the following diseases?"
pub_health_related_factors_chronic_neurological_issues,"Хронічні неврологічні проблеми (тобто хвороба Паркінсона, МС тощо)?",,,,"Chronic neurological issues (i.e., Parkinson’s disease, MS, etc.)?"
pub_health_related_factors_weakened_immune_system,"Ослаблена імунна система (наприклад, при стероїдному лікуванні)?",,,,"Weakened immune system (e.g., on steroidal treatment)?"
pub_health_related_factors_blood_cancer,"Рак крові (лейкемія) на будь-якій стадії лікування?",,,,"Blood cancer (leukemia) at any stage of treatment?"
pub_health_related_factors_chronic_kidney_issues,"Хронічні проблеми з нирками?",,,,"Chronic kidney issues?"
pub_health_related_factors_chronic_heart_issues,"Хронічні проблеми з серцем (тобто серцева недостатність)?",,,,"Chronic heart issues (i.e., heart failure)?"
pub_health_related_factors_chronic_liver_issues,"Хронічні проблеми з печінкою (тобто гепатит)?",,,,"Chronic liver issues (i.e., hepatitis)?"
pub_health_related_factors_HIV_AIDS,"ВІЛ / СНІД?",,,,HIV/AIDS?
pub_health_respiratory,"Дихальні симптоми, такі як кашель (зазвичай сухий), біль у горлі, задишка
",,,,"Respiratory symptoms, such as cough (usually dry), sore throat, shortness of breath
"
pub_health_conjunctivitis,Кон’юнктивіт,,,,Conjunctivitis
pub_health_headcold,"Голова холодна",,,,"Head cold"
pub_health_head_cold,"Голова холодна",,,,"Head cold"
pub_health_enter_place,"Введіть лише місто / селище / село",,,,"Enter city/town/village only"
pub_health_enter_post_code,"Введіть поштовий індекс",,,,"Enter postal code"
pub_health_share_with_contacts_content1,"Ви контактували з кимось, кому нещодавно поставили діагноз COVID-19. Будь ласка, відстежте свої симптоми.",,,,"You have been in contact with someone who has recently been diagnosed with COVID-19. Please track your symptoms."
pub_health_share_with_contacts_content2,"Я хотів би поділитися додатком Centiva з вами, тому що разом ми можемо запобігти поширенню нового коронавірусу!",,,,"I'd like to share the Centiva app with you because together we can prevent the new coronavirus from spreading!"
pub_health_check_in_button,Перевірь,,,,"Check in"
pub_health_risk_alert_info_verified,"В одному з місць, які ви відвідали, був високий ризик впливу.",,,,"One of the locations you visited had a high risk of exposure."
pub_health_related_factors_adipositas,"Lll ступеня ожиріння (хворобливий, ІМТ ≥ 40 кг / м²)",,,,"Obesity grade lll (morbid, BMI ≥ 40 kg/m²)"
pub_health_symptoms_version,"Рекомендація BAG станом на 15 травня 2020 року",,,,"BAG recommendation as of 15 May 2020"
pub_health_test_has_verification_code,"Ви отримали код підтвердження?",,,,"Have you received a verification code?"
pub_health_check_in_button_home,"Місце заселення",,,,"Location Check in"
pub_health_test_verification_label,"Код підтвердження",,,,"Verification code"
pub_health_test_verification_placeholder,"Введіть код підтвердження",,,,"Enter verification code"
pub_health_test_basic_health_label,"Основне здоров'я",,,,"Basic health"
pub_health_test_gender_label,Стать,,,,Gender
pub_health_test_age_bracket_label,"Вікова категорія",,,,"Age bracket"
pub_health_invite_contact_subject,"COVID-19 від Centiva",,,,"COVID-19 by Centiva"
join_now_button,"Приєднуйся зараз",,,,"Join now"
onboarding_bonus_description,"Бонус на борт",,,,"Onboarding bonus"
transaction_reward_title,"Нагорода за запит",,,,"Query reward"
transaction_reward_description,"Нагорода за запит",,,,"Reward for query"
add_provider_manually_title,"Зареєструйтесь у постачальника",,,,"Register with a provider"
add_provider_manually_description,"Скануйте реєстраційний QR-код, введіть посилання на реєстрацію провайдера або знову торкніться посилання реєстрації та відкрийте за допомогою (щойно встановленого) додатка Centiva. Торкніться <Skip>, якщо вас не посилав ваш постачальник послуг.",,,,"Scan a registration QR code, enter a provider registration link, or tap the registration link again and open using the (just installed) Centiva app. Tap <Skip> if you were not referred by your provider."
remind_provider_mannually_description,"Підтвердьте, що хочете продовжувати, не додаючи постачальника",,,,"Please confirm that you wish to continue without adding a provider"
add_provider_manually_skip_btn,"Так, продовжуйте",,,,"Yes, continue"
enter_9_words_backup_phrase,"Введіть 9 слів",,,,"Enter 9 words Backup Phrase"
enter_24_words_backup_phrase,"Введіть 24 слова Резервне словосполучення",,,,"Enter 24 words Backup Phrase"
my_wallet_is_9_words_seed,"Моя резервна копія гаманця - це 9 слів",,,,"My wallet backup is 9 words seed"
my_wallet_is_24_words_seed,"Моя резервна копія гаманця - це 24 насінні слова",,,,"My wallet backup is 24 words seed"
paste_registration_link_here,"Paste registration link here",,,,"Paste registration link here"
copy_referral_link_tab,"Copy link",,,,"Copy link"
provide_referral_qr,"Provide QR",,,,"Provide QR"
send_token_by_enter_address_tab,"Send text",,,,"Send text"
scan_qr,"Scan QR",,,,"Scan QR"
